Workbook

Sheet students_club
A1: student_id | B1: id_card | C1: firstname | D1: lastname | E1: grade_level | F1: class_room | G1: class_number | H1: selection_status | I1: club_id
A2: 11111 | B2: =_xlfn.XLOOKUP(Table2[[#This Row],[student_id]],'students (1)'!$A:$A,'students (1)'!B:B) -> 1111111111111 | C2: =_xlfn.XLOOKUP(Table2[[#This Row],[student_id]],'students (1)'!$A:$A,'students (1)'!C:C) -> นายทดสอบ | D2: =_xlfn.XLOOKUP(Table2[[#This Row],[student_id]],'students (1)'!$A:$A,'students (1)'!D:D) -> ระบบ | E2: =_xlfn.XLOOKUP(Table2[[#This Row],[student_id]],'students (1)'!$A:$A,'students (1)'!E:E) -> ม.1 | F2: =_xlfn.XLOOKUP(Table2[[#This Row],[student_id]],'students (1)'!$A:$A,'students (1)'!F:F) -> 25 | G2: =_xlfn.XLOOKUP(Table2[[#This Row],[student_id]],'students (1)'!$A:$A,'students (1)'!G:G) -> 25 | H2: =IF(ISNUMBER(Table2[[#This Row],[club_id]]),1,0) -> 0
A3: 48978 | B3: =_xlfn.XLOOKUP(Table2[[#This Row],[student_id]],'students (1)'!$A:$A,'students (1)'!B:B) -> 48978 | C3: =_xlfn.XLOOKUP(Table2[[#This Row],[student_id]],'students (1)'!$A:$A,'students (1)'!C:C) -> เด็กหญิงธัญนัทน์ | D3: =_xlfn.XLOOKUP(Table2[[#This Row],[student_id]],'students (1)'!$A:$A,'students (1)'!D:D) -> ดวงลาปา | E3: =_xlfn.XLOOKUP(Table2[[#This Row],[student_id]],'students (1)'!$A:$A,'students (1)'!E:E) -> ม.1 | F3: =_xlfn.XLOOKUP(Table2[[#This Row],[student_id]],'students (1)'!$A:$A,'students (1)'!F:F) -> 5 | G3: =_xlfn.XLOOKUP(Table2[[#This Row],[student_id]],'students (1)'!$A:$A,'students (1)'!G:G) -> 30 | H3: =IF(ISNUMBER(Table2[[#This Row],[club_id]]),1,0) -> 1 | I3: 716
A4: 49056 | B4: =_xlfn.XLOOKUP(Table2[[#This Row],[student_id]],'students (1)'!$A:$A,'students (1)'!B:B) -> 1209702754590 | C4: =_xlfn.XLOOKUP(Table2[[#This Row],[student_id]],'students (1)'!$A:$A,'students (1)'!C:C) -> เด็กหญิงเปรมสุดา | D4: =_xlfn.XLOOKUP(Table2[[#This Row],[student_id]],'students (1)'!$A:$A,'students (1)'!D:D) -> กลัดอ่ำ | E4: =_xlfn.XLOOKUP(Table2[[#This Row],[student_id]],'students (1)'!$A:$A,'students (1)'!E:E) -> ม.1 | F4: =_xlfn.XLOOKUP(Table2[[#This Row],[student_id]],'students (1)'!$A:$A,'students (1)'!F:F) -> 7 | G4: =_xlfn.XLOOKUP(Table2[[#This Row],[student_id]],'students (1)'!$A:$A,'students (1)'!G:G) -> 28 | H4: =IF(ISNUMBER(Table2[[#This Row],[club_id]]),1,0) -> 1 | I4: 716
A5: 49142 | B5: =_xlfn.XLOOKUP(Table2[[#This Row],[student_id]],'students (1)'!$A:$A,'students (1)'!B:B) -> 1409904163205 | C5: =_xlfn.XLOOKUP(Table2[[#This Row],[student_id]],'students (1)'!$A:$A,'students (1)'!C:C) -> เด็กหญิงวิชญาพร | D5: =_xlfn.XLOOKUP(Table2[[#This Row],[student_id]],'students (1)'!$A:$A,'students (1)'!D:D) -> เทียมจันทร์ | E5: =_xlfn.XLOOKUP(Table2[[#This Row],[student_id]],'students (1)'!$A:$A,'students (1)'!E:E) -> ม.1 | F5: =_xlfn.XLOOKUP(Table2[[#This Row],[student_id]],'students (1)'!$A:$A,'students (1)'!F:F) -> 9 | G5: =_xlfn.XLOOKUP(Table2[[#This Row],[student_id]],'students (1)'!$A:$A,'students (1)'!G:G) -> 33 | H5: =IF(ISNUMBER(Table2[[#This Row],[club_id]]),1,0) -> 1 | I5: 716
A6: 49131 | B6: =_xlfn.XLOOKUP(Table2[[#This Row],[student_id]],'students (1)'!$A:$A,'students (1)'!B:B) -> 1429900822751 | C6: =_xlfn.XLOOKUP(Table2[[#This Row],[student_id]],'students (1)'!$A:$A,'students (1)'!C:C) -> เด็กหญิงชญานิศ | D6: =_xlfn.XLOOKUP(Table2[[#This Row],[student_id]],'students (1)'!$A:$A,'students (1)'!D:D) -> จันทะรักษ์ | E6: =_xlfn.XLOOKUP(Table2[[#This Row],[student_id]],'students (1)'!$A:$A,'students (1)'!E:E) -> ม.1 | F6: =_xlfn.XLOOKUP(Table2[[#This Row],[student_id]],'students (1)'!$A:$A,'students (1)'!F:F) -> 9 | G6: =_xlfn.XLOOKUP(Table2[[#This Row],[student_id]],'students (1)'!$A:$A,'students (1)'!G:G) -> 22 | H6: =IF(ISNUMBER(Table2[[#This Row],[club_id]]),1,0) -> 1 | I6: 716
A7: 49213 | B7: =_xlfn.XLOOKUP(Table2[[#This Row],[student_id]],'students (1)'!$A:$A,'students (1)'!B:B) -> 1409200045337 | C7: =_xlfn.XLOOKUP(Table2[[#This Row],[student_id]],'students (1)'!$A:$A,'students (1)'!C:C) -> เด็กหญิงปัญญาพร | D7: =_xlfn.XLOOKUP(Table2[[#This Row],[student_id]],'students (1)'!$A:$A,'students (1)'!D:D) -> ภูโคกค้อย | E7: =_xlfn.XLOOKUP(Table2[[#This Row],[student_id]],'students (1)'!$A:$A,'students (1)'!E:E) -> ม.1 | F7: =_xlfn.XLOOKUP(Table2[[#This Row],[student_id]],'students (1)'!$A:$A,'students (1)'!F:F) -> 11 | G7: =_xlfn.XLOOKUP(Table2[[#This Row],[student_id]],'students (1)'!$A:$A,'students (1)'!G:G) -> 30 | H7: =IF(ISNUMBER(Table2[[#This Row],[club_id]]),1,0) -> 1 | I7: 716
A8: 49289 | B8: =_xlfn.XLOOKUP(Table2[[#This Row],[student_id]],'students (1)'!$A:$A,'students (1)'!B:B) -> 1409904116193 | C8: =_xlfn.XLOOKUP(Table2[[#This Row],[student_id]],'students (1)'!$A:$A,'students (1)'!C:C) -> เด็กหญิงธมกร | D8: =_xlfn.XLOOKUP(Table2[[#This Row],[student_id]],'students (1)'!$A:$A,'students (1)'!D:D) -> มาพรหม | E8: =_xlfn.XLOOKUP(Table2[[#This Row],[student_id]],'students (1)'!$A:$A,'students (1)'!E:E) -> ม.1 | F8: =_xlfn.XLOOKUP(Table2[[#This Row],[student_id]],'students (1)'!$A:$A,'students (1)'!F:F) -> 13 | G8: =_xlfn.XLOOKUP(Table2[[#This Row],[student_id]],'students (1)'!$A:$A,'students (1)'!G:G) -> 30 | H8: =IF(ISNUMBER(Table2[[#This Row],[club_id]]),1,0) -> 1 | I8: 716
A9: 48465 | B9: =_xlfn.XLOOKUP(Table2[[#This Row],[student_id]],'students (1)'!$A:$A,'students (1)'!B:B) -> 1409904019805 | C9: =_xlfn.XLOOKUP(Table2[[#This Row],[student_id]],'students (1)'!$A:$A,'students (1)'!C:C) -> เด็กหญิงณัฐพร | D9: =_xlfn.XLOOKUP(Table2[[#This Row],[student_id]],'students (1)'!$A:$A,'students (1)'!D:D) -> พูลเขตรกรม | E9: =_xlfn.XLOOKUP(Table2[[#This Row],[student_id]],'students (1)'!$A:$A,'students (1)'!E:E) -> ม.2 | F9: =_xlfn.XLOOKUP(Table2[[#This Row],[student_id]],'students (1)'!$A:$A,'students (1)'!F:F) -> 9 | G9: =_xlfn.XLOOKUP(Table2[[#This Row],[student_id]],'students (1)'!$A:$A,'students (1)'!G:G) -> 29 | H9: =IF(ISNUMBER(Table2[[#This Row],[club_id]]),1,0) -> 1 | I9: 716
A10: 47602 | B10: =_xlfn.XLOOKUP(Table2[[#This Row],[student_id]],'students (1)'!$A:$A,'students (1)'!B:B) -> 1409903890642 | C10: =_xlfn.XLOOKUP(Table2[[#This Row],[student_id]],'students (1)'!$A:$A,'students (1)'!C:C) -> นางสาวณัฏฐ์ชญา | D10: =_xlfn.XLOOKUP(Table2[[#This Row],[student_id]],'students (1)'!$A:$A,'students (1)'!D:D) -> ประทุมตะ | E10: =_xlfn.XLOOKUP(Table2[[#This Row],[student_id]],'students (1)'!$A:$A,'students (1)'!E:E) -> ม.3 | F10: =_xlfn.XLOOKUP(Table2[[#This Row],[student_id]],'students (1)'!$A:$A,'students (1)'!F:F) -> 13 | G10: =_xlfn.XLOOKUP(Table2[[#This Row],[student_id]],'students (1)'!$A:$A,'students (1)'!G:G) -> 30 | H10: =IF(ISNUMBER(Table2[[#This Row],[club_id]]),1,0) -> 1 | I10: 716
A11: 46582 | B11: =_xlfn.XLOOKUP(Table2[[#This Row],[student_id]],'students (1)'!$A:$A,'students (1)'!B:B) -> 1409903840734 | C11: =_xlfn.XLOOKUP(Table2[[#This Row],[student_id]],'students (1)'!$A:$A,'students (1)'!C:C) -> เด็กชายพีระพัฒน์ | D11: =_xlfn.XLOOKUP(Table2[[#This Row],[student_id]],'students (1)'!$A:$A,'students (1)'!D:D) -> คุณทะวงษ์ | E11: =_xlfn.XLOOKUP(Table2[[#This Row],[student_id]],'students (1)'!$A:$A,'students (1)'!E:E) -> ม.4 | F11: =_xlfn.XLOOKUP(Table2[[#This Row],[student_id]],'students (1)'!$A:$A,'students (1)'!F:F) -> 17 | G11: =_xlfn.XLOOKUP(Table2[[#This Row],[student_id]],'students (1)'!$A:$A,'students (1)'!G:G) -> 13 | H11: =IF(ISNUMBER(Table2[[#This Row],[club_id]]),1,0) -> 1 | I11: 716
A12: 46317 | B12: =_xlfn.XLOOKUP(Table2[[#This Row],[student_id]],'students (1)'!$A:$A,'students (1)'!B:B) -> 1279900412300 | C12: =_xlfn.XLOOKUP(Table2[[#This Row],[student_id]],'students (1)'!$A:$A,'students (1)'!C:C) -> เด็กชายดนัยณัฎฐ์ | D12: =_xlfn.XLOOKUP(Table2[[#This Row],[student_id]],'students (1)'!$A:$A,'students (1)'!D:D) -> จิตละมุน | E12: =_xlfn.XLOOKUP(Table2[[#This Row],[student_id]],'students (1)'!$A:$A,'students (1)'!E:E) -> ม.4 | F12: =_xlfn.XLOOKUP(Table2[[#This Row],[student_id]],'students (1)'!$A:$A,'students (1)'!F:F) -> 19 | G12: =_xlfn.XLOOKUP(Table2[[#This Row],[student_id]],'students (1)'!$A:$A,'students (1)'!G:G) -> 6 | H12: =IF(ISNUMBER(Table2[[#This Row],[club_id]]),1,0) -> 1 | I12: 716
A13: 46425 | B13: =_xlfn.XLOOKUP(Table2[[#This Row],[student_id]],'students (1)'!$A:$A,'students (1)'!B:B) -> 1409903865761 | C13: =_xlfn.XLOOKUP(Table2[[#This Row],[student_id]],'students (1)'!$A:$A,'students (1)'!C:C) -> เด็กหญิงวงศ์วรัณ | D13: =_xlfn.XLOOKUP(Table2[[#This Row],[student_id]],'students (1)'!$A:$A,'students (1)'!D:D) -> สุริวงศ์ | E13: =_xlfn.XLOOKUP(Table2[[#This Row],[student_id]],'students (1)'!$A:$A,'students (1)'!E:E) -> ม.4 | F13: =_xlfn.XLOOKUP(Table2[[#This Row],[student_id]],'students (1)'!$A:$A,'students (1)'!F:F) -> 19 | G13: =_xlfn.XLOOKUP(Table2[[#This Row],[student_id]],'students (1)'!$A:$A,'students (1)'!G:G) -> 35 | H13: =IF(ISNUMBER(Table2[[#This Row],[club_id]]),1,0) -> 1 | I13: 716
A14: 46390 | B14: =_xlfn.XLOOKUP(Table2[[#This Row],[student_id]],'students (1)'!$A:$A,'students (1)'!B:B) -> 1209702548418 | C14: =_xlfn.XLOOKUP(Table2[[#This Row],[student_id]],'students (1)'!$A:$A,'students (1)'!C:C) -> นางสาวเพ็ญพิชชา | D14: =_xlfn.XLOOKUP(Table2[[#This Row],[student_id]],'students (1)'!$A:$A,'students (1)'!D:D) -> ศรีชม | E14: =_xlfn.XLOOKUP(Table2[[#This Row],[student_id]],'students (1)'!$A:$A,'students (1)'!E:E) -> ม.4 | F14: =_xlfn.XLOOKUP(Table2[[#This Row],[student_id]],'students (1)'!$A:$A,'students (1)'!F:F) -> 6 | G14: =_xlfn.XLOOKUP(Table2[[#This Row],[student_id]],'students (1)'!$A:$A,'students (1)'!G:G) -> 36 | H14: =IF(ISNUMBER(Table2[[#This Row],[club_id]]),1,0) -> 1 | I14: 716
... A70: 47856 | B70: =_xlfn.XLOOKUP(Table2[[#This Row],[student_id]],'students (1)'!$A:$A,'students (1)'!B:B) -> 1409903673064 | C70: =_xlfn.XLOOKUP(Table2[[#This Row],[student_id]],'students (1)'!$A:$A,'students (1)'!C:C) -> นางสาวพรสวรรค์ | D70: =_xlfn.XLOOKUP(Table2[[#This Row],[student_id]],'students (1)'!$A:$A,'students (1)'!D:D) -> บุตดา | E70: =_xlfn.XLOOKUP(Table2[[#This Row],[student_id]],'students (1)'!$A:$A,'students (1)'!E:E) -> ม.6 | F70: =_xlfn.XLOOKUP(Table2[[#This Row],[student_id]],'students (1)'!$A:$A,'students (1)'!F:F) -> 17 | G70: =_xlfn.XLOOKUP(Table2[[#This Row],[student_id]],'students (1)'!$A:$A,'students (1)'!G:G) -> 28 | H70: =IF(ISNUMBER(Table2[[#This Row],[club_id]]),1,0) -> 1 | I70: 762

Sheet students (1)
A1: student_id | B1: id_card | C1: firstname | D1: lastname | E1: grade_level | F1: class_room | G1: class_number | H1: selection_status | I1: club_id
A2: 11111 | B2: 1111111111111 | C2: นายทดสอบ | D2: ระบบ | E2: ม.1 | F2: 25 | G2: 25 | H2: 0 | I2: NULL
A3: 42728 | B3: 1510101477132 | C3: นายกรกช | D3: ราชสำเภา | E3: ม.6 | F3: 14 | G3: 1 | H3: 1 | I3: 675
A4: 42740 | B4: 1409903496286 | C4: นายวิศวะ | D4: ขอเสริมกลาง | E4: ม.6 | F4: 14 | G4: 13 | H4: 1 | I4: 675
A5: 43209 | B5: 1103704180227 | C5: นางสาววามิกา | D5: วชิระทรัพย์ | E5: ม.6 | F5: 1 | G5: 25 | H5: 1 | I5: 667
A6: 43249 | B6: 1409903483109 | C6: นางสาวพิมพ์ชนก | D6: โทอุดทา | E6: ม.6 | F6: 5 | G6: 33 | H6: 1 | I6: 731
A7: 43358 | B7: 1409903536016 | C7: นายประกฤษฏิ์ | D7: เหยียดชัยภูมิ | E7: ม.6 | F7: 12 | G7: 10 | H7: 1 | I7: 741
A8: 43535 | B8: 1409903517372 | C8: นายณัฏดนัย | D8: ไชยสวัสดิ์ | E8: ม.5 | F8: 17 | G8: 5 | H8: 0 | I8: NULL
A9: 43537 | B9: 1409903511081 | C9: นายธนากร | D9: พรหมสอน | E9: ม.6 | F9: 16 | G9: 4 | H9: 1 | I9: 618
A10: 43583 | B10: 1409903576816 | C10: นายธนวัฒน์ | D10: ศิริสุทธิ์ | E10: ม.6 | F10: 17 | G10: 6 | H10: 0 | I10: NULL
A11: 43606 | B11: 1409903553905 | C11: นางสาวธารารัตน์ | D11: วิจิตรวงศ์วาน | E11: ม.6 | F11: 8 | G11: 31 | H11: 1 | I11: 675
A12: 44147 | B12: 1409903599786 | C12: นายนราธิป | D12: สิทธิชัยเนตร | E12: ม.6 | F12: 12 | G12: 9 | H12: 0 | I12: NULL
A13: 44171 | B13: 1409903571377 | C13: นายทชากร | D13: ภิรมย์กิจ | E13: ม.6 | F13: 11 | G13: 9 | H13: 0 | I13: NULL
... A3650: 49240 | B3650: 1209702779444 | C3650: เด็กชายศุวัช | D3650: เพ็งแจ่ม | E3650: ม.1 | F3650: 12 | G3650: 19 | H3650: 1 | I3650: 789
A3651: 49241 | C3651: เด็กชายอนุศักดิ์ | D3651: ทรงมีชัย | E3651: ม.1 | F3651: 12 | G3651: 20 | H3651: 0 | I3651: NULL
A3652: 49242 | B3652: 1409904127322 | C3652: เด็กชายอัศวิน | D3652: วันชัย | E3652: ม.1 | F3652: 12 | G3652: 21 | H3652: 0 | I3652: NULL
A3653: 49243 | B3653: 1409904122797 | C3653: เด็กหญิงกชวรรณ | D3653: ราชซุย | E3653: ม.1 | F3653: 12 | G3653: 22 | H3653: 1 | I3653: 635
A3654: 49244 | B3654: 1409904168916 | C3654: เด็กหญิงกนกรัชต์ | D3654: คำหนูไทย | E3654: ม.1 | F3654: 12 | G3654: 23 | H3654: 0 | I3654: NULL
A3655: 49245 | B3655: 1209000689861 | C3655: เด็กหญิงกัณฑรัตน์ | D3655: ภูชำนิ | E3655: ม.1 | F3655: 12 | G3655: 24 | H3655: 0 | I3655: NULL
A3656: 49246 | B3656: 1409904099841 | C3656: เด็กหญิงขวัญข้าว | D3656: วุฒพันธ์ | E3656: ม.1 | F3656: 12 | G3656: 25 | H3656: 1 | I3656: 699
A3657: 49247 | B3657: 1409904106341 | C3657: เด็กหญิงจิรชยา | D3657: รังแสน | E3657: ม.1 | F3657: 12 | G3657: 26 | H3657: 1 | I3657: 686
A3658: 49248 | B3658: 1239900559220 | C3658: เด็กหญิงชนิสรา | D3658: ทองคำ | E3658: ม.1 | F3658: 12 | G3658: 27 | H3658: 0 | I3658: NULL
A3659: 49249 | B3659: 1409904136755 | C3659: เด็กหญิงธนาภา | D3659: ดวงจันทร์ | E3659: ม.1 | F3659: 12 | G3659: 28 | H3659: 1 | I3659: 699
A3660: 49250 | B3660: 1409904190466 | C3660: เด็กหญิงธัญชนก | D3660: พันธ์แก้ว | E3660: ม.1 | F3660: 12 | G3660: 29 | H3660: 1 | I3660: 699
A3661: 49251 | B3661: 1409904193961 | C3661: เด็กหญิงธีรยา | D3661: เรืองมัจฉา | E3661: ม.1 | F3661: 12 | G3661: 30 | H3661: 1 | I3661: 789
A3662: 49252 | B3662: 1409904206141 | C3662: เด็กหญิงนภัสสร | D3662: เคนมาก | E3662: ม.1 | F3662: 12 | G3662: 31 | H3662: 0 | I3662: NULL
A3663: 49253 | B3663: 1409904137891 | C3663: เด็กหญิงปภัสรา | D3663: สีสงค์ | E3663: ม.1 | F3663: 12 | G3663: 32 | H3663: 1 | I3663: 686
... A4178: 49771 | B4178: 1100703994201 | C4178: นางสาวสมัชญา | D4178: วงษ์ขันธ์ | E4178: ม.6 | F4178: 15 | G4178: 39 | H4178: 1 | I4178: NULL

Sheet Sheet2
A1: 49138 | B1: 49167 | C1: 49183 | D1: 49303 | E1: 49322 | F1: 49413 | G1: 47956 | H1: 48169 | I1: 48051 | J1: 48074 | K1: 48058 | L1: 48393 | M1: 48264 | N1: 48347 | O1: 48314 | P1: 47440 | Q1: 47567 | R1: 47447 | S1: 47366 | T1: 46548 | U1: 46381 | V1: 45443 | W1: 44575 | X1: 47051 | Y1: 44212 | Z1: 47856
F2: 49138
F3: 49167
F4: 49183
F5: 49303
F6: 49322
F7: 49413
F8: 47956
F9: 48169
F10: 48051
F11: 48074
F12: 48058
F13: 48393
... F27: 47856
